"Mã học viên","Học phí","Kết quả sau khi học","Khuyến mãi (khoá tiếp theo))","Đánh giá giảng viên","Lần đăng ký","Có tái tục không"
"HV1",3.2,0,8,"1",1,0
"HV10",3.2,1,8,"5",1,1
"HV10",1.0,1,8,"4",2,0
"HV100",10.0,1,8,"4",1,1
"HV100",10.0,0,15,"5",2,0
"HV1000",3.2,1,8,"5",1,1
"HV1000",1.0,0,15,"5",2,0
"HV101",7.2,1,15,"5",1,1
"HV101",10.0,1,15,"3",2,1
"HV101",3.4,1,8,"5",3,0
"HV102",7.2,1,15,"4",1,1
"HV102",1.0,1,5,"4",2,0
"HV103",1.0,1,15,"4",1,1
"HV103",1.0,1,15,"4",2,1
"HV103",10.0,1,15,"5",3,0
"HV104",3.2,0,5,"3",1,0
"HV105",1.0,1,0,"3",1,0
"HV106",3.2,0,15,"5",1,1
"HV106",1.0,1,8,"4",2,0
"HV107",3.2,1,0,"3",1,1
"HV107",7.2,1,5,"5",2,0
"HV108",1.0,0,5,"3",1,0
"HV109",3.2,0,8,"1",1,0
"HV11",10.0,0,15,"3",1,1
"HV11",1.0,1,8,"3",2,0
"HV110",7.2,0,5,"1",1,0
"HV111",3.2,0,8,"2",1,0
"HV112",1.0,1,15,"5",1,1
"HV112",10.0,1,15,"4",2,1
"HV112",10.0,1,15,"3",3,0
"HV113",1.0,1,0,"4",1,1
"HV113",3.2,1,15,"4",2,0
"HV114",10.0,1,8,"3",1,0
"HV115",7.2,1,15,"5",1,1
"HV115",1.0,1,15,"4",2,0
"HV116",3.2,0,15,"5",1,1
"HV116",1.0,0,15,"4",2,0
"HV117",1.0,1,15,"5",1,1
"HV117",3.4,1,15,"4",2,1
"HV117",7.2,0,5,"3",3,0
"HV118",10.0,0,0,"1",1,0
"HV119",1.0,0,0,"2",1,0
"HV12",3.2,0,0,"2",1,0
"HV120",1.0,1,15,"5",1,1
"HV120",3.2,1,15,"4",2,0
"HV121",3.2,1,5,"2",1,0
"HV122",10.0,0,0,"3",1,0
"HV123",10.0,1,8,"5",1,1
"HV123",1.0,1,0,"4",2,0
"HV124",1.0,1,5,"4",1,1
"HV124",1.0,1,8,"4",2,0
"HV125",7.2,0,15,"5",1,1
"HV125",1.0,1,8,"3",2,0
"HV126",3.2,1,0,"2",1,0
"HV127",1.0,1,15,"3",1,1
"HV127",7.2,1,15,"3",2,1
"HV127",3.4,1,15,"4",3,0
"HV128",1.0,1,15,"3",1,1
"HV128",10.0,1,8,"5",2,0
"HV129",3.2,0,5,"3",1,0
"HV13",1.0,1,5,"4",1,1
"HV13",3.2,1,15,"4",2,0
"HV130",1.0,1,5,"1",1,0
"HV131",10.0,0,0,"2",1,0
"HV132",10.0,1,8,"3",1,1
"HV132",10.0,1,5,"4",2,0
"HV133",3.2,0,0,"2",1,0
"HV134",3.4,1,15,"5",1,1
"HV134",10.0,1,15,"3",2,1
"HV134",10.0,1,0,"5",3,0
"HV135",3.2,1,15,"5",1,1
"HV135",1.0,1,5,"4",2,0
"HV136",3.2,1,15,"4",1,1
"HV136",1.0,1,15,"",2,0
"HV137",7.2,1,15,"5",1,1
"HV137",10.0,1,15,"4",2,1
"HV137",10.0,1,15,"3",3,0
"HV138",1.0,1,8,"2",1,0
"HV139",1.0,1,15,"5",1,1
"HV139",3.2,1,8,"3",2,0
"HV14",1.0,1,15,"5",1,1
"HV14",7.2,1,15,"5",2,0
"HV140",1.0,1,8,"5",1,1
"HV140",3.4,1,15,"5",2,1
"HV140",7.2,1,15,"4",3,0
"HV141",1.0,0,8,"1",1,0
"HV142",10.0,1,15,"3",1,1
"HV142",10.0,1,15,"5",2,1
"HV142",1.0,1,15,"4",3,0
"HV143",3.2,0,0,"4",1,1
"HV143",1.0,1,8,"3",2,0
"HV144",3.4,1,15,"5",1,1
"HV144",7.2,0,15,"4",2,0
"HV145",1.0,0,15,"3",1,0
"HV146",10.0,1,8,"4",1,1
"HV146",10.0,1,15,"4",2,1
"HV146",3.4,1,15,"5",3,0
"HV147",1.0,1,0,"4",1,0
"HV148",3.2,0,8,"1",1,0
"HV149",10.0,1,15,"4",1,1
"HV149",1.0,1,15,"4",2,1
"HV149",7.2,1,8,"4",3,0
"HV15",10.0,1,15,"4",1,1
"HV15",1.0,1,0,"4",2,0
"HV150",3.2,0,8,"2",1,0
"HV151",3.2,0,0,"1",1,0
"HV152",3.2,1,15,"1",1,0
"HV153",1.0,1,5,"4",1,1
"HV153",3.2,1,15,"3",2,0
"HV154",1.0,1,15,"4",1,1
"HV154",3.4,1,15,"5",2,1
"HV154",10.0,1,15,"3",3,0
"HV155",1.0,0,15,"5",1,1
"HV155",1.0,1,15,"4",2,1
"HV155",10.0,1,15,"3",3,0
"HV156",1.0,1,15,"3",1,1
"HV156",10.0,1,8,"5",2,1
"HV156",1.0,1,15,"3",3,0
"HV157",1.0,1,8,"5",1,1
"HV157",3.4,0,15,"5",2,0
"HV158",1.0,1,5,"5",1,1
"HV158",3.2,0,0,"4",2,0
"HV159",3.4,0,0,"3",1,0
"HV16",1.0,1,5,"5",1,1
"HV16",10.0,1,15,"5",2,1
"HV16",3.4,1,8,"3",3,0
"HV160",10.0,1,15,"3",1,1
"HV160",10.0,1,15,"3",2,1
"HV160",1.0,1,8,"4",3,0
"HV161",10.0,1,0,"2",1,0
"HV162",3.2,1,15,"4",1,1
"HV162",1.0,1,0,"3",2,0
"HV163",10.0,1,15,"5",1,1
"HV163",1.0,1,15,"4",2,0
"HV164",7.2,1,15,"3",1,1
"HV164",10.0,0,15,"4",2,1
"HV164",1.0,1,15,"4",3,0
"HV165",1.0,0,15,"3",1,1
"HV165",7.2,0,15,"5",2,0
"HV166",10.0,1,15,"5",1,1
"HV166",10.0,1,15,"5",2,1
"HV166",7.2,1,15,"4",3,0
"HV167",1.0,0,15,"3",1,1
"HV167",10.0,1,5,"3",2,1
"HV167",3.4,1,5,"4",3,0
"HV168",1.0,1,8,"5",1,1
"HV168",10.0,1,5,"5",2,1
"HV168",10.0,0,15,"4",3,0
"HV169",3.2,0,8,"5",1,1
"HV169",1.0,1,15,"3",2,0
"HV17",1.0,1,8,"2",1,0
"HV170",7.2,1,15,"4",1,1
"HV170",10.0,0,15,"5",2,0
"HV171",10.0,1,5,"4",1,1
"HV171",7.2,1,15,"4",2,1
"HV171",10.0,0,8,"3",3,0
"HV172",3.2,1,15,"5",1,1
"HV172",1.0,1,8,"3",2,0
"HV173",10.0,0,0,"1",1,0
"HV174",3.2,1,15,"3",1,1
"HV174",10.0,0,15,"3",2,0
"HV175",3.2,0,5,"1",1,0
"HV176",7.2,1,5,"3",1,1
"HV176",10.0,1,15,"4",2,0
"HV177",1.0,1,0,"3",1,0
"HV178",10.0,1,8,"4",1,1
"HV178",1.0,1,0,"4",2,1
"HV178",7.2,1,5,"3",3,0
"HV179",10.0,1,15,"4",1,1
"HV179",10.0,1,15,"5",2,1
"HV179",1.0,0,15,"4",3,0
"HV18",10.0,0,0,"1",1,0
"HV180",3.4,1,15,"5",1,1
"HV180",1.0,0,15,"4",2,1
"HV180",7.2,1,8,"3",3,0
"HV181",3.2,0,0,"2",1,0
"HV182",10.0,1,15,"3",1,1
"HV182",1.0,1,8,"4",2,0
"HV183",10.0,0,5,"2",1,0
"HV184",1.0,1,5,"3",1,1
"HV184",3.2,1,8,"4",2,0
"HV185",3.2,0,0,"2",1,0
"HV186",3.2,1,15,"4",1,1
"HV186",1.0,1,15,"5",2,0
"HV187",1.0,0,8,"5",1,1
"HV187",3.2,1,15,"4",2,0
"HV188",3.2,0,8,"3",1,0
"HV189",3.2,1,0,"2",1,0
"HV19",3.2,1,0,"5",1,1
"HV19",1.0,1,8,"5",2,0
"HV190",10.0,1,15,"4",1,1
"HV190",1.0,1,8,"4",2,0
"HV191",10.0,1,8,"5",1,1
"HV191",7.2,1,15,"5",2,1
"HV191",1.0,1,15,"3",3,0
"HV192",1.0,1,15,"4",1,1
"HV192",10.0,1,8,"4",2,1
"HV192",10.0,1,15,"5",3,0
"HV193",3.4,1,15,"4",1,1
"HV193",10.0,1,15,"4",2,1
"HV193",1.0,1,15,"4",3,0
"HV194",7.2,1,15,"4",1,1
"HV194",10.0,1,15,"5",2,0
"HV195",1.0,1,8,"5",1,1
"HV195",1.0,0,8,"5",2,1
"HV195",3.4,1,15,"2",3,0
"HV196",3.2,0,8,"1",1,0
"HV197",3.2,0,5,"1",1,0
"HV198",3.2,1,8,"2",1,0
"HV199",3.2,1,15,"5",1,1
"HV199",10.0,0,15,"4",2,0
"HV2",1.0,1,15,"4",1,1
"HV2",10.0,1,15,"3",2,1
"HV2",10.0,1,15,"5",3,0
"HV20",1.0,1,15,"5",1,1
"HV20",1.0,0,0,"3",2,1
"HV20",10.0,1,0,"4",3,0
"HV200",3.2,1,0,"4",1,1
"HV200",1.0,1,5,"4",2,0
"HV201",10.0,1,5,"4",1,1
"HV201",3.4,1,15,"3",2,1
"HV201",10.0,1,15,"5",3,0
"HV202",10.0,1,15,"5",1,1
"HV202",7.2,1,15,"4",2,1
"HV202",10.0,1,8,"4",3,0
"HV203",1.0,0,0,"2",1,0
"HV204",1.0,0,0,"2",1,0
"HV205",3.2,1,5,"2",1,0
"HV206",3.2,1,5,"4",1,1
"HV206",1.0,0,8,"5",2,0
"HV207",1.0,1,15,"3",1,1
"HV207",3.2,1,15,"3",2,0
"HV208",1.0,1,8,"4",1,1
"HV208",1.0,1,15,"4",2,1
"HV208",3.4,1,15,"3",3,0
"HV209",10.0,0,5,"3",1,0
"HV21",3.2,1,0,"2",1,0
"HV210",10.0,1,15,"",1,1
"HV210",1.0,1,0,"5",2,0
"HV211",1.0,1,5,"4",1,1
"HV211",3.2,1,15,"5",2,0
"HV212",10.0,1,0,"3",1,1
"HV212",7.2,0,15,"5",2,1
"HV212",1.0,1,5,"5",3,0
"HV213",1.0,1,0,"4",1,0
"HV214",7.2,1,8,"5",1,1
"HV214",1.0,0,0,"3",2,1
"HV214",3.4,1,15,"4",3,0
"HV215",3.2,1,0,"1",1,0
"HV216",7.2,1,15,"5",1,1
"HV216",10.0,1,15,"5",2,1
"HV216",3.4,1,15,"4",3,0
"HV217",3.2,1,15,"3",1,1
"HV217",1.0,1,0,"5",2,0
"HV218",3.4,1,15,"4",1,1
"HV218",1.0,1,0,"5",2,1
"HV218",10.0,1,5,"3",3,0
"HV219",3.2,0,8,"1",1,0
"HV22",3.4,0,0,"1",1,0
"HV220",3.2,0,5,"2",1,0
"HV221",1.0,1,15,"3",1,1
"HV221",3.4,1,15,"5",2,1
"HV221",10.0,1,15,"3",3,0
"HV222",1.0,1,15,"3",1,1
"HV222",3.2,1,8,"5",2,0
"HV223",1.0,1,15,"5",1,1
"HV223",3.4,0,15,"4",2,0
"HV224",1.0,0,15,"2",1,1
"HV224",3.2,0,15,"4",2,0
"HV225",10.0,1,5,"4",1,1
"HV225",3.4,1,0,"5",2,0
"HV226",3.2,0,0,"2",1,0
"HV227",10.0,0,0,"5",1,1
"HV227",1.0,1,15,"4",2,0
"HV228",3.2,0,8,"2",1,0
"HV229",3.2,1,8,"3",1,0
"HV23",3.2,0,8,"2",1,0
"HV230",10.0,0,15,"3",1,1
"HV230",10.0,1,5,"4",2,0
"HV231",3.2,0,5,"2",1,0
"HV232",3.2,0,8,"5",1,1
"HV232",1.0,1,8,"4",2,0
"HV233",10.0,1,15,"4",1,1
"HV233",10.0,1,8,"4",2,1
"HV233",1.0,1,15,"5",3,0
"HV234",1.0,1,5,"3",1,1
"HV234",3.2,1,15,"3",2,0
"HV235",3.4,1,15,"5",1,1
"HV235",10.0,0,15,"3",2,0
"HV236",3.2,0,8,"1",1,0
"HV237",1.0,0,0,"2",1,0
"HV238",3.2,0,5,"3",1,0
"HV239",3.2,0,0,"1",1,0
"HV24",1.0,0,8,"4",1,0
"HV240",3.2,0,8,"1",1,0
"HV241",10.0,1,15,"5",1,1
"HV241",1.0,1,0,"4",2,1
"HV241",7.2,1,5,"3",3,0
"HV242",10.0,1,0,"1",1,0
"HV243",10.0,1,8,"2",1,1
"HV243",3.4,1,15,"3",2,1
"HV243",10.0,1,15,"5",3,0
"HV244",10.0,1,15,"5",1,1
"HV244",1.0,1,15,"3",2,1
"HV244",10.0,1,15,"4",3,0
"HV245",10.0,1,5,"3",1,1
"HV245",3.4,1,15,"4",2,0
"HV246",1.0,1,0,"4",1,1
"HV246",10.0,1,15,"3",2,1
"HV246",1.0,1,8,"4",3,0
"HV247",3.2,0,8,"2",1,0
"HV248",1.0,0,5,"1",1,0
"HV249",3.2,0,8,"1",1,0
"HV25",10.0,0,0,"4",1,0
"HV250",10.0,1,8,"3",1,1
"HV250",7.2,1,15,"3",1,0
"HV250",3.4,1,0,"4",2,0
"HV251",3.2,1,15,"4",1,1
"HV251",7.2,1,8,"4",2,0
"HV252",1.0,1,15,"3",1,1
"HV252",3.4,1,15,"5",2,1
"HV252",10.0,1,15,"5",3,0
"HV253",10.0,1,15,"4",1,1
"HV253",1.0,1,15,"5",2,1
"HV253",10.0,1,0,"5",3,0
"HV254",1.0,1,8,"3",1,0
"HV255",3.4,0,15,"4",1,1
"HV255",10.0,1,15,"5",2,1
"HV255",7.2,1,15,"4",3,0
"HV256",10.0,1,15,"5",1,1
"HV256",10.0,0,15,"4",2,0
"HV257",3.2,0,8,"1",1,0
"HV258",10.0,1,8,"5",1,1
"HV258",10.0,0,5,"4",2,0
"HV259",3.2,1,15,"1",1,1
"HV259",1.0,1,15,"3",2,0
"HV26",1.0,0,8,"1",1,0
"HV260",10.0,1,8,"4",1,1
"HV260",10.0,1,15,"4",2,1
"HV260",1.0,1,8,"4",3,0
"HV261",7.2,1,0,"1",1,0
"HV262",10.0,1,0,"5",1,1
"HV262",1.0,1,15,"4",2,0
"HV263",3.2,0,8,"1",1,0
"HV264",3.2,1,5,"4",1,1
"HV264",3.2,0,5,"5",2,0
"HV265",3.2,1,15,"3",1,1
"HV265",1.0,1,15,"5",2,0
"HV266",3.2,0,15,"3",1,1
"HV266",1.0,0,15,"3",2,0
"HV267",3.2,0,0,"4",1,0
"HV268",1.0,1,15,"5",1,1
"HV268",3.2,0,8,"2",2,0
"HV269",1.0,0,5,"5",1,1
"HV269",10.0,1,15,"5",2,0
"HV27",3.2,0,5,"2",1,0
"HV270",3.2,1,15,"4",1,1
"HV270",1.0,1,8,"5",2,0
"HV271",1.0,1,15,"5",1,1
"HV271",3.4,0,0,"5",2,0
"HV272",7.2,0,8,"1",1,0
"HV273",10.0,0,0,"2",1,0
"HV274",1.0,0,8,"4",1,1
"HV274",3.4,1,5,"3",2,1
"HV274",7.2,1,15,"4",3,0
"HV275",3.2,1,15,"5",1,1
"HV275",1.0,1,15,"3",2,0
"HV276",3.2,1,8,"3",1,1
"HV276",1.0,1,8,"3",2,0
"HV277",10.0,0,0,"4",1,0
"HV278",3.2,0,8,"2",1,0
"HV279",3.2,1,5,"1",1,0
"HV28",7.2,0,0,"2",1,0
"HV280",3.2,0,15,"1",1,0
"HV281",3.2,0,5,"2",1,0
"HV282",3.2,0,0,"1",1,0
"HV283",10.0,1,15,"5",1,1
"HV283",7.2,1,15,"4",2,1
"HV283",10.0,1,15,"4",3,0
"HV284",1.0,0,15,"5",1,1
"HV284",3.2,1,5,"3",2,0
"HV285",10.0,0,15,"4",1,1
"HV285",10.0,1,0,"5",2,0
"HV286",3.2,1,8,"1",1,0
"HV287",1.0,1,0,"2",1,0
"HV288",1.0,0,15,"4",1,1
"HV288",10.0,1,0,"3",2,0
"HV289",10.0,0,15,"4",1,1
"HV289",1.0,1,15,"5",2,0
"HV29",10.0,0,8,"4",1,1
"HV29",10.0,0,15,"4",2,0
"HV290",10.0,0,15,"4",1,1
"HV290",1.0,1,8,"4",2,1
"HV290",10.0,1,8,"5",3,0
"HV291",1.0,1,8,"4",1,1
"HV291",10.0,0,15,"4",2,1
"HV291",7.2,1,15,"5",3,0
"HV292",3.4,0,5,"3",1,0
"HV293",1.0,1,15,"5",1,1
"HV293",3.2,1,15,"5",2,0
"HV294",3.2,0,0,"1",1,0
"HV295",1.0,1,8,"3",1,1
"HV295",10.0,0,15,"4",2,1
"HV295",7.2,1,15,"4",3,0
"HV296",1.0,1,15,"5",1,1
"HV296",10.0,1,8,"5",2,0
"HV297",3.2,0,15,"5",1,1
"HV297",10.0,1,5,"4",2,0
"HV298",7.2,0,0,"1",1,0
"HV299",3.2,1,8,"4",1,1
"HV299",1.0,1,15,"4",2,0
"HV3",3.2,1,5,"5",1,1
"HV3",10.0,1,15,"3",2,0
"HV30",10.0,1,8,"4",1,1
"HV30",1.0,1,15,"3",2,1
"HV30",7.2,1,15,"3",3,0
"HV300",10.0,1,15,"5",1,1
"HV300",7.2,1,15,"4",2,1
"HV300",10.0,1,15,"5",3,0
"HV301",7.2,1,15,"3",1,1
"HV301",1.0,1,15,"5",2,0
"HV302",3.2,1,5,"2",1,0
"HV303",10.0,0,8,"4",1,1
"HV303",10.0,1,8,"5",2,1
"HV303",1.0,1,15,"3",3,0
"HV304",1.0,1,0,"3",1,1
"HV304",1.0,1,15,"5",2,1
"HV304",3.4,1,15,"4",3,0
"HV305",1.0,1,8,"4",1,1
"HV305",1.0,1,15,"5",2,0
"HV306",1.0,0,8,"3",1,0
"HV307",3.2,0,15,"1",1,0
"HV308",1.0,1,0,"1",1,0
"HV309",10.0,0,5,"2",1,0
"HV31",10.0,1,0,"1",1,0
"HV310",1.0,1,15,"3",1,1
"HV310",10.0,0,8,"4",2,0
"HV311",3.2,1,8,"2",1,0
"HV312",3.2,1,15,"3",1,1
"HV312",10.0,1,15,"4",2,0
"HV313",7.2,0,0,"2",1,0
"HV314",10.0,1,8,"4",1,1
"HV314",7.2,1,15,"3",2,0
"HV315",3.4,0,0,"2",1,0
"HV316",3.2,0,5,"1",1,0
"HV317",3.2,0,5,"5",1,1
"HV317",1.0,1,8,"4",2,0
"HV318",1.0,0,8,"2",1,0
"HV319",7.2,0,5,"2",1,0
"HV32",1.0,0,5,"3",1,0
"HV320",10.0,0,0,"3",1,0
"HV321",3.2,0,5,"5",1,0
"HV322",10.0,1,8,"1",1,0
"HV323",3.2,0,5,"1",1,0
"HV324",1.0,1,8,"4",1,1
"HV324",3.2,0,8,"5",2,0
"HV325",1.0,1,15,"4",1,1
"HV325",10.0,1,15,"3",2,0
"HV326",10.0,0,0,"1",1,0
"HV327",10.0,1,8,"5",1,1
"HV327",10.0,0,15,"5",2,0
"HV328",1.0,0,0,"2",1,0
"HV329",1.0,1,15,"4",1,1
"HV329",1.0,0,15,"3",2,0
"HV33",7.2,1,8,"4",1,1
"HV33",1.0,1,8,"4",2,0
"HV330",3.2,1,5,"1",1,0
"HV331",10.0,1,15,"5",1,1
"HV331",10.0,1,5,"5",2,0
"HV332",1.0,1,15,"2",1,0
"HV333",1.0,0,8,"3",1,0
"HV334",10.0,1,0,"3",1,1
"HV334",10.0,1,15,"5",2,1
"HV334",7.2,1,15,"4",3,0
"HV335",1.0,0,5,"3",1,0
"HV336",1.0,1,15,"3",1,1
"HV336",3.2,1,15,"3",2,0
"HV337",10.0,1,15,"4",1,1
"HV337",1.0,1,15,"3",2,1
"HV337",3.4,1,15,"4",3,0
"HV338",1.0,1,15,"4",1,1
"HV338",1.0,1,15,"5",2,1
"HV338",10.0,1,15,"5",3,0
"HV339",10.0,1,15,"5",1,1
"HV339",7.2,1,15,"3",2,1
"HV339",1.0,1,15,"4",3,0
"HV34",10.0,1,0,"4",1,1
"HV34",1.0,1,0,"5",2,0
"HV340",1.0,1,0,"2",1,0
"HV341",1.0,0,0,"1",1,0
"HV342",1.0,1,5,"5",1,1
"HV342",10.0,1,15,"5",2,1
"HV342",1.0,1,8,"4",3,0
"HV343",10.0,1,0,"3",1,1
"HV343",3.4,1,8,"4",2,0
"HV344",3.2,1,8,"4",1,1
"HV344",1.0,1,15,"3",2,0
"HV345",1.0,1,8,"4",1,1
"HV345",10.0,1,15,"5",2,0
"HV346",1.0,1,15,"3",1,1
"HV346",3.2,1,5,"3",2,0
"HV347",1.0,1,15,"4",1,1
"HV347",3.4,1,15,"5",2,0
"HV348",1.0,1,15,"1",1,1
"HV348",1.0,1,15,"4",2,0
"HV349",1.0,0,5,"1",1,0
"HV35",3.4,1,15,"5",1,1
"HV35",10.0,1,15,"5",2,1
"HV35",10.0,0,15,"4",3,0
"HV350",1.0,1,0,"4",1,1
"HV350",10.0,1,8,"3",2,0
"HV351",1.0,0,15,"5",1,1
"HV351",3.2,1,5,"5",2,0
"HV352",1.0,1,5,"5",1,1
"HV352",10.0,1,15,"3",2,0
"HV353",10.0,0,5,"1",1,0
"HV354",1.0,0,5,"5",1,1
"HV354",1.0,1,15,"4",2,0
"HV355",1.0,1,15,"4",1,1
"HV355",10.0,0,15,"5",2,0
"HV356",3.2,0,15,"5",1,1
"HV356",1.0,1,15,"5",2,0
"HV357",1.0,1,15,"4",1,1
"HV357",3.4,1,15,"4",2,1
"HV357",10.0,1,15,"4",3,0
"HV358",1.0,1,5,"3",1,1
"HV358",3.2,1,0,"4",2,0
"HV359",10.0,0,15,"3",1,1
"HV359",1.0,1,8,"4",2,0
"HV36",1.0,0,5,"2",1,0
"HV360",3.2,1,5,"2",1,0
"HV361",3.2,0,5,"2",1,0
"HV362",1.0,0,0,"1",1,0
"HV363",1.0,0,15,"4",1,1
"HV363",7.2,1,15,"4",2,0
"HV364",1.0,1,0,"4",1,1
"HV364",10.0,1,15,"4",2,0
"HV365",1.0,0,0,"1",1,0
"HV366",10.0,0,0,"2",1,0
"HV367",3.4,0,8,"5",1,1
"HV367",10.0,1,15,"4",2,0
"HV368",7.2,1,15,"4",1,1
"HV368",3.4,1,5,"5",2,1
"HV368",1.0,0,15,"3",3,0
"HV369",3.2,0,5,"1",1,0
"HV37",1.0,0,8,"5",1,1
"HV37",3.4,1,5,"5",2,0
"HV370",10.0,1,15,"4",1,1
"HV370",10.0,1,8,"5",2,0
"HV371",10.0,1,5,"3",1,1
"HV371",10.0,1,15,"5",2,1
"HV371",7.2,1,15,"5",3,0
"HV372",1.0,1,8,"4",1,1
"HV372",3.4,1,15,"4",2,1
"HV372",1.0,1,15,"4",3,0
"HV373",3.2,0,15,"5",1,1
"HV373",1.0,1,15,"5",2,0
"HV374",3.4,1,15,"4",1,1
"HV374",7.2,1,15,"3",2,1
"HV374",10.0,0,0,"3",3,0
"HV375",3.2,0,15,"4",1,1
"HV375",3.2,0,15,"5",2,0
"HV376",3.2,1,8,"4",1,1
"HV376",10.0,1,15,"3",2,0
"HV377",7.2,1,15,"3",1,1
"HV377",10.0,1,15,"3",2,0
"HV377",1.0,1,15,"5",1,0
"HV378",1.0,1,8,"4",1,1
"HV378",3.2,1,8,"5",2,0
"HV379",10.0,1,8,"4",1,1
"HV379",10.0,1,15,"4",2,1
"HV379",3.4,1,15,"3",3,0
"HV38",1.0,0,8,"4",1,1
"HV38",7.2,1,5,"4",2,0
"HV380",1.0,1,15,"5",1,1
"HV380",10.0,1,0,"4",2,0
"HV381",1.0,0,0,"3",1,0
"HV382",1.0,0,0,"2",1,0
"HV383",10.0,0,15,"5",1,1
"HV383",1.0,0,8,"4",2,0
"HV384",10.0,1,5,"5",1,1
"HV384",10.0,1,15,"5",2,1
"HV384",3.4,0,8,"5",3,0
"HV385",7.2,1,5,"3",1,1
"HV385",1.0,1,5,"5",2,0
"HV386",1.0,1,15,"4",1,1
"HV386",10.0,0,0,"1",2,0
"HV387",10.0,1,15,"5",1,1
"HV387",1.0,1,0,"4",2,0
"HV388",3.2,0,5,"2",1,0
"HV389",3.2,0,15,"3",1,0
"HV39",10.0,1,8,"4",1,1
"HV39",3.4,1,15,"4",2,0
"HV390",10.0,1,15,"4",1,1
"HV390",7.2,1,15,"4",2,1
"HV390",10.0,1,8,"4",3,0
"HV391",3.4,1,15,"4",1,1
"HV391",1.0,0,8,"4",2,0
"HV392",3.4,0,15,"3",1,1
"HV392",1.0,1,15,"4",2,0
"HV393",10.0,1,8,"4",1,1
"HV393",1.0,1,8,"5",2,0
"HV394",10.0,1,5,"3",1,1
"HV394",10.0,1,15,"4",2,1
"HV394",1.0,1,15,"5",3,0
"HV395",10.0,1,8,"5",1,1
"HV395",1.0,1,5,"5",2,1
"HV395",3.4,0,15,"5",3,0
"HV396",3.2,1,0,"2",1,0
"HV397",3.4,1,15,"5",1,1
"HV397",10.0,1,15,"4",2,0
"HV398",3.2,0,8,"2",1,0
"HV399",3.2,1,15,"4",1,1
"HV399",3.2,0,15,"4",2,0
"HV4",3.2,0,0,"1",1,0
"HV40",3.2,0,8,"3",1,0
"HV400",3.2,1,8,"4",1,1
"HV400",1.0,1,8,"3",2,0
"HV401",10.0,0,15,"5",1,1
"HV401",10.0,0,0,"5",2,1
"HV401",1.0,1,15,"5",3,0
"HV402",3.2,1,0,"3",1,1
"HV402",1.0,1,15,"3",2,0
"HV403",3.2,1,8,"2",1,0
"HV404",10.0,1,15,"4",1,1
"HV404",3.4,1,15,"5",2,1
"HV404",1.0,0,15,"4",3,0
"HV405",10.0,0,0,"1",1,0
"HV406",10.0,0,15,"4",1,1
"HV406",7.2,1,15,"3",2,0
"HV407",1.0,1,15,"5",1,1
"HV407",10.0,1,8,"4",2,0
"HV408",10.0,1,8,"5",1,1
"HV408",1.0,1,15,"5",2,1
"HV408",10.0,0,5,"2",3,0
"HV409",7.2,0,0,"1",1,0
"HV41",3.4,0,15,"4",1,1
"HV41",10.0,1,15,"3",2,0
"HV410",7.2,1,15,"5",1,1
"HV410",10.0,1,8,"5",2,1
"HV410",1.0,1,15,"4",3,0
"HV411",1.0,0,15,"2",1,0
"HV412",3.2,1,8,"3",1,0
"HV413",10.0,1,5,"3",1,1
"HV413",3.4,0,15,"4",2,1
"HV413",1.0,1,15,"4",3,0
"HV414",3.2,1,5,"3",1,0
"HV415",10.0,0,0,"3",1,0
"HV416",3.2,0,5,"1",1,0
"HV417",7.2,1,15,"5",1,1
"HV417",10.0,1,15,"4",2,1
"HV417",3.4,1,0,"5",3,0
"HV418",10.0,0,0,"4",1,0
"HV419",7.2,1,0,"3",1,0
"HV42",3.2,0,5,"1",1,0
"HV420",1.0,0,15,"5",1,1
"HV420",3.4,1,8,"3",2,0
"HV421",1.0,0,8,"3",1,1
"HV421",1.0,0,15,"5",2,0
"HV422",3.4,0,0,"3",1,1
"HV422",1.0,0,15,"4",2,1
"HV422",10.0,1,15,"5",3,0
"HV423",10.0,1,5,"3",1,0
"HV424",1.0,1,15,"4",1,1
"HV424",3.2,1,0,"5",2,0
"HV425",3.2,1,8,"4",1,1
"HV425",1.0,1,15,"3",2,0
"HV426",10.0,1,0,"3",1,0
"HV427",10.0,0,8,"1",1,0
"HV428",3.2,1,8,"1",1,0
"HV429",7.2,1,15,"5",1,1
"HV429",10.0,0,5,"5",2,1
"HV429",10.0,1,5,"3",3,0
"HV43",3.2,1,15,"2",1,0
"HV430",10.0,1,15,"4",1,1
"HV430",3.4,1,15,"4",2,1
"HV430",1.0,1,15,"3",3,0
"HV431",1.0,1,15,"4",1,1
"HV431",10.0,1,8,"3",2,0
"HV432",1.0,1,8,"4",1,1
"HV432",3.2,1,8,"5",2,0
"HV433",10.0,1,0,"3",1,1
"HV433",7.2,1,15,"3",2,1
"HV433",1.0,1,15,"5",3,0
"HV434",1.0,1,0,"4",1,1
"HV434",10.0,1,15,"3",2,0
"HV435",1.0,1,15,"5",1,1
"HV435",10.0,1,8,"3",2,1
"HV435",10.0,1,15,"5",3,0
"HV436",3.2,1,0,"2",1,0
"HV437",1.0,0,0,"2",1,0
"HV438",1.0,1,0,"2",1,0
"HV439",1.0,0,8,"2",1,0
"HV44",3.2,1,15,"1",1,0
"HV440",10.0,0,5,"2",1,0
"HV441",3.4,1,15,"5",1,1
"HV441",10.0,1,15,"4",2,1
"HV441",1.0,1,8,"4",3,0
"HV442",3.4,1,0,"4",1,1
"HV442",10.0,0,8,"4",2,0
"HV443",3.2,0,0,"1",1,0
"HV444",1.0,1,5,"4",1,0
"HV445",3.2,1,8,"3",1,1
"HV445",3.2,1,0,"3",2,0
"HV446",10.0,1,15,"3",1,1
"HV446",7.2,1,15,"5",2,0
"HV447",1.0,1,8,"4",1,1
"HV447",1.0,1,15,"5",2,1
"HV447",10.0,1,15,"4",3,0
"HV448",10.0,1,15,"4",1,1
"HV448",3.4,1,15,"4",2,0
"HV449",10.0,1,15,"5",1,1
"HV449",10.0,1,15,"5",2,1
"HV449",1.0,1,8,"5",3,0
"HV45",3.4,1,8,"5",1,1
"HV45",10.0,1,8,"5",2,0
"HV450",10.0,1,15,"4",1,1
"HV450",1.0,1,8,"4",2,1
"HV450",7.2,1,5,"3",3,0
"HV451",10.0,1,8,"3",1,1
"HV451",7.2,1,0,"3",2,0
"HV452",1.0,0,5,"2",1,0
"HV453",1.0,1,15,"4",1,1
"HV453",3.2,1,15,"4",2,0
"HV454",1.0,1,0,"4",1,0
"HV455",1.0,1,8,"3",1,0
"HV456",1.0,0,8,"2",1,0
"HV457",10.0,1,15,"5",1,1
"HV457",1.0,1,0,"4",2,0
"HV458",10.0,1,15,"3",1,1
"HV458",10.0,0,5,"4",2,1
"HV458",7.2,1,15,"5",3,0
"HV459",10.0,1,15,"4",1,1
"HV459",7.2,1,15,"3",2,1
"HV459",1.0,1,15,"4",3,0
"HV46",1.0,0,0,"5",1,1
"HV46",10.0,1,15,"3",2,1
"HV46",7.2,1,15,"5",3,0
"HV460",7.2,1,15,"3",1,1
"HV460",10.0,1,8,"3",2,1
"HV460",1.0,1,15,"3",3,0
"HV461",10.0,0,5,"2",1,0
"HV462",3.2,0,5,"2",1,0
"HV463",1.0,1,0,"2",1,0
"HV464",10.0,1,8,"3",1,1
"HV464",3.4,1,8,"3",2,0
"HV465",1.0,1,15,"4",1,1
"HV465",10.0,0,5,"3",2,0
"HV466",1.0,0,15,"5",1,1
"HV466",3.2,1,15,"4",2,0
"HV467",1.0,0,8,"3",1,0
"HV468",10.0,1,0,"3",1,1
"HV468",1.0,1,15,"",2,0
"HV469",10.0,1,5,"3",1,1
"HV469",10.0,1,0,"4",2,0
"HV47",7.2,1,15,"4",1,1
"HV47",3.4,1,15,"5",2,1
"HV47",10.0,1,15,"4",3,0
"HV470",3.2,0,5,"1",1,0
"HV471",7.2,0,0,"2",1,0
"HV472",10.0,1,15,"4",1,1
"HV472",7.2,1,15,"3",2,1
"HV472",1.0,1,5,"4",3,0
"HV473",10.0,1,15,"4",1,1
"HV473",1.0,0,15,"3",2,0
"HV474",10.0,1,0,"5",1,1
"HV474",10.0,1,8,"4",2,0
"HV475",10.0,1,5,"3",1,0
"HV476",10.0,1,15,"5",1,1
"HV476",3.4,1,8,"5",2,1
"HV476",1.0,1,8,"3",3,0
"HV477",10.0,1,15,"3",1,1
"HV477",10.0,1,15,"3",2,1
"HV477",1.0,1,15,"4",3,0
"HV478",1.0,1,8,"1",1,0
"HV479",3.2,1,8,"1",1,0
"HV48",10.0,1,15,"5",1,1
"HV48",7.2,1,5,"4",2,0
"HV480",3.4,1,0,"5",1,1
"HV480",10.0,1,15,"3",2,1
"HV480",1.0,1,8,"4",3,0
"HV481",3.2,1,15,"4",1,1
"HV481",1.0,1,15,"4",2,0
"HV482",3.4,1,15,"3",1,1
"HV482",10.0,1,15,"4",2,1
"HV482",1.0,1,15,"5",3,0
"HV483",1.0,1,8,"2",1,0
"HV484",10.0,1,8,"5",1,1
"HV484",1.0,0,8,"5",2,0
"HV485",1.0,0,0,"2",1,0
"HV486",3.2,0,5,"3",1,0
"HV487",3.2,1,8,"5",1,1
"HV487",1.0,0,15,"3",2,0
"HV488",10.0,0,5,"2",1,0
"HV489",1.0,1,15,"5",1,1
"HV489",10.0,1,15,"4",2,1
"HV489",10.0,1,15,"5",3,0
"HV49",1.0,1,8,"4",1,1
"HV49",10.0,1,8,"3",2,1
"HV49",7.2,0,15,"5",3,0
"HV490",10.0,0,8,"2",1,0
"HV491",1.0,0,0,"3",1,0
"HV492",1.0,1,8,"5",1,1
"HV492",3.4,1,8,"4",2,0
"HV493",3.4,0,8,"3",1,1
"HV493",1.0,1,15,"3",2,0
"HV494",3.2,0,5,"1",1,0
"HV495",3.4,1,5,"5",1,1
"HV495",7.2,0,8,"5",2,0
"HV496",3.2,0,15,"3",1,1
"HV496",1.0,0,5,"4",2,0
"HV497",3.2,0,8,"3",1,0
"HV498",10.0,1,15,"5",1,1
"HV498",3.4,1,5,"3",2,1
"HV498",10.0,1,15,"4",3,0
"HV499",3.2,1,15,"3",1,1
"HV499",1.0,1,5,"3",2,0
"HV5",1.0,1,8,"5",1,1
"HV5",10.0,1,15,"4",2,0
"HV50",1.0,1,8,"3",1,0
"HV500",1.0,0,5,"1",1,0
"HV501",1.0,0,8,"3",1,0
"HV502",1.0,1,15,"4",1,1
"HV502",10.0,1,15,"4",2,1
"HV502",10.0,1,8,"4",3,0
"HV503",10.0,1,15,"4",1,1
"HV503",3.4,0,15,"4",2,1
"HV503",1.0,1,15,"4",3,0
"HV504",3.2,0,8,"2",1,0
"HV505",10.0,1,0,"5",1,1
"HV505",1.0,1,15,"5",2,1
"HV505",10.0,1,15,"4",3,0
"HV506",10.0,1,8,"5",1,1
"HV506",10.0,1,15,"4",2,0
"HV507",1.0,1,15,"5",1,1
"HV507",7.2,1,5,"4",2,0
"HV508",10.0,1,5,"1",1,0
"HV509",3.4,1,8,"5",1,1
"HV509",10.0,1,8,"5",2,0
"HV51",7.2,1,0,"3",1,0
"HV510",1.0,1,8,"4",1,1
"HV510",10.0,1,15,"4",2,0
"HV511",1.0,0,0,"1",1,0
"HV512",3.2,1,15,"2",1,0
"HV513",3.2,0,5,"1",1,0
"HV514",3.2,1,15,"4",1,1
"HV514",10.0,1,15,"5",2,0
"HV515",10.0,0,0,"1",1,0
"HV516",10.0,1,8,"4",1,1
"HV516",1.0,0,8,"4",2,0
"HV517",3.2,1,0,"4",1,1
"HV517",3.2,0,0,"4",2,0
"HV518",3.2,1,0,"3",1,1
"HV518",1.0,1,15,"4",2,0
"HV519",1.0,1,15,"3",1,1
"HV519",10.0,1,8,"5",2,1
"HV519",7.2,1,0,"5",3,0
"HV52",10.0,1,15,"4",1,1
"HV52",1.0,1,15,"4",2,1
"HV52",7.2,1,5,"4",3,0
"HV520",3.2,0,5,"1",1,0
"HV521",3.2,1,15,"2",1,1
"HV521",10.0,1,5,"4",2,0
"HV522",1.0,1,5,"2",1,0
"HV523",1.0,1,0,"2",1,0
"HV524",1.0,1,15,"4",1,1
"HV524",10.0,1,15,"5",2,0
"HV525",3.2,0,5,"2",1,0
"HV526",10.0,1,0,"5",1,1
"HV526",10.0,1,15,"5",2,1
"HV526",7.2,1,15,"3",3,0
"HV527",1.0,0,0,"3",1,0
"HV528",3.4,1,15,"4",1,1
"HV528",10.0,1,8,"5",2,1
"HV528",1.0,1,15,"5",3,0
"HV529",3.4,1,15,"4",1,1
"HV529",10.0,0,15,"4",2,1
"HV529",10.0,1,15,"5",3,0
"HV53",1.0,1,0,"2",1,0
"HV530",1.0,0,0,"1",1,0
"HV531",3.2,0,15,"5",1,1
"HV531",1.0,0,15,"4",2,0
"HV532",3.2,0,5,"3",1,1
"HV532",10.0,0,5,"3",2,0
"HV533",10.0,1,15,"5",1,1
"HV533",10.0,1,8,"4",2,0
"HV534",1.0,1,8,"2",1,1
"HV534",3.4,1,15,"4",2,0
"HV535",1.0,0,0,"3",1,0
"HV536",1.0,0,5,"2",1,0
"HV537",3.2,0,15,"1",1,0
"HV538",10.0,1,5,"5",1,1
"HV538",3.4,1,15,"5",2,1
"HV538",7.2,1,15,"5",3,0
"HV539",10.0,1,15,"4",1,1
"HV539",1.0,1,15,"4",2,1
"HV539",1.0,1,5,"5",3,0
"HV54",3.2,1,0,"2",1,0
"HV540",3.2,1,15,"4",1,1
"HV540",1.0,0,15,"4",2,0
"HV541",10.0,1,15,"3",1,1
"HV541",3.4,1,15,"5",2,1
"HV541",10.0,1,15,"5",3,0
"HV542",3.2,0,8,"4",1,0
"HV543",10.0,1,15,"2",1,1
"HV543",1.0,0,15,"5",2,0
"HV544",1.0,0,5,"2",1,0
"HV545",3.4,1,15,"5",1,1
"HV545",10.0,1,0,"4",2,1
"HV545",10.0,1,8,"5",3,0
"HV546",10.0,1,5,"4",1,1
"HV546",1.0,1,15,"3",2,0
"HV547",3.2,1,5,"1",1,0
"HV548",1.0,1,15,"4",1,1
"HV548",3.2,0,15,"4",2,0
"HV549",1.0,1,5,"5",1,1
"HV549",3.4,1,15,"4",2,0
"HV55",1.0,1,15,"3",1,1
"HV55",10.0,1,0,"5",2,1
"HV55",1.0,1,15,"4",3,0
"HV550",1.0,1,15,"4",1,1
"HV550",10.0,1,15,"4",2,1
"HV550",7.2,1,15,"3",3,0
"HV551",10.0,1,15,"3",1,1
"HV551",10.0,1,15,"5",2,1
"HV551",3.4,1,5,"5",3,0
"HV552",7.2,1,15,"3",1,1
"HV552",10.0,1,5,"5",2,1
"HV552",10.0,1,5,"3",3,0
"HV553",3.2,0,15,"4",1,1
"HV553",1.0,1,15,"4",2,0
"HV554",3.4,1,0,"4",1,1
"HV554",10.0,1,0,"2",2,0
"HV555",3.4,1,0,"2",1,0
"HV556",1.0,0,0,"2",1,0
"HV557",10.0,0,15,"2",1,1
"HV557",7.2,0,15,"3",2,0
"HV558",3.2,0,5,"4",1,1
"HV558",1.0,1,15,"4",2,0
"HV559",3.2,1,8,"2",1,0
"HV56",7.2,1,15,"4",1,1
"HV56",10.0,1,5,"3",2,1
"HV56",1.0,1,0,"4",3,0
"HV560",3.4,1,0,"5",1,1
"HV560",1.0,1,15,"5",2,1
"HV560",10.0,1,15,"5",3,0
"HV561",1.0,1,8,"3",1,0
"HV562",10.0,1,15,"3",1,1
"HV562",10.0,1,15,"4",2,1
"HV562",7.2,1,15,"3",3,0
"HV563",1.0,1,0,"2",1,0
"HV564",10.0,1,15,"3",1,1
"HV564",7.2,1,5,"5",2,0
"HV565",10.0,1,8,"3",1,1
"HV565",1.0,1,8,"4",2,0
"HV566",7.2,1,8,"2",1,1
"HV566",10.0,1,15,"5",2,1
"HV566",1.0,0,8,"4",3,0
"HV567",3.2,1,15,"4",1,0
"HV568",3.4,1,8,"5",1,1
"HV568",7.2,1,0,"3",2,1
"HV568",1.0,1,15,"5",3,0
"HV569",10.0,1,8,"4",1,1
"HV569",10.0,1,8,"4",2,0
"HV57",3.2,1,15,"4",1,1
"HV57",1.0,1,5,"4",2,0
"HV570",3.2,1,8,"5",1,1
"HV570",1.0,1,15,"4",2,0
"HV571",3.2,0,5,"3",1,0
"HV572",10.0,1,0,"4",1,0
"HV573",1.0,1,8,"5",1,1
"HV573",10.0,1,15,"4",2,0
"HV574",10.0,0,0,"2",1,0
"HV575",7.2,0,15,"4",1,1
"HV575",10.0,1,15,"3",2,0
"HV576",1.0,1,0,"1",1,0
"HV577",10.0,1,0,"3",1,1
"HV577",10.0,1,15,"4",2,1
"HV577",7.2,1,15,"4",3,0
"HV578",3.2,0,8,"3",1,0
"HV579",3.2,0,5,"3",1,0
"HV58",3.2,1,5,"1",1,0
"HV580",3.2,0,8,"1",1,0
"HV581",1.0,0,5,"1",1,0
"HV582",3.2,0,8,"1",1,0
"HV583",10.0,0,5,"2",1,0
"HV584",10.0,0,8,"2",1,0
"HV585",10.0,1,15,"5",1,1
"HV585",7.2,1,15,"4",2,1
"HV585",10.0,1,15,"5",3,0
"HV586",1.0,1,15,"5",1,1
"HV586",7.2,1,15,"5",2,1
"HV586",1.0,1,0,"3",3,0
"HV587",3.2,1,15,"4",1,1
"HV587",1.0,0,8,"3",2,0
"HV588",10.0,1,0,"5",1,1
"HV588",1.0,1,0,"4",2,1
"HV588",1.0,1,15,"4",3,0
"HV589",3.2,1,0,"3",1,0
"HV59",3.2,0,5,"2",1,0
"HV590",10.0,1,5,"3",1,1
"HV590",10.0,1,15,"3",2,0
"HV591",10.0,1,8,"3",1,1
"HV591",10.0,1,0,"4",2,1
"HV591",10.0,0,15,"4",3,0
"HV592",3.2,0,0,"1",1,0
"HV593",3.2,1,0,"4",1,1
"HV593",1.0,0,15,"5",2,0
"HV594",10.0,1,8,"3",1,0
"HV595",3.2,0,0,"3",1,0
"HV596",3.2,0,8,"1",1,0
"HV597",1.0,0,15,"3",1,1
"HV597",10.0,1,8,"3",2,1
"HV597",7.2,1,15,"4",3,0
"HV598",1.0,1,5,"3",1,0
"HV599",3.2,0,15,"3",1,1
"HV599",1.0,1,15,"5",2,0
"HV6",3.2,0,15,"1",1,0
"HV60",10.0,1,15,"5",1,1
"HV60",7.2,1,15,"4",2,1
"HV60",1.0,1,5,"5",3,0
"HV600",1.0,1,8,"5",1,1
"HV600",10.0,1,8,"3",2,1
"HV600",10.0,1,5,"4",3,0
"HV601",3.2,0,8,"3",1,0
"HV602",7.2,0,0,"2",1,0
"HV603",3.2,0,8,"1",1,0
"HV604",10.0,1,5,"3",1,0
"HV605",3.2,0,8,"2",1,0
"HV606",3.2,1,8,"2",1,0
"HV607",3.2,0,5,"1",1,0
"HV608",7.2,0,8,"2",1,0
"HV609",10.0,1,15,"2",1,1
"HV609",7.2,1,8,"5",2,1
"HV609",1.0,1,5,"5",3,0
"HV61",3.2,1,5,"2",1,0
"HV610",1.0,1,5,"4",1,1
"HV610",10.0,1,15,"5",2,1
"HV610",10.0,1,15,"4",3,0
"HV611",3.4,1,15,"5",1,1
"HV611",10.0,0,15,"3",2,0
"HV612",3.2,0,8,"1",1,0
"HV613",10.0,0,8,"2",1,0
"HV614",3.4,1,8,"3",1,1
"HV614",10.0,1,15,"5",2,1
"HV614",1.0,1,15,"5",3,0
"HV615",3.2,0,15,"2",1,0
"HV616",10.0,1,5,"3",1,1
"HV616",10.0,1,15,"4",2,1
"HV616",3.4,1,0,"3",3,0
"HV617",7.2,1,15,"5",1,1
"HV617",3.4,1,8,"5",2,1
"HV617",10.0,0,15,"3",3,0
"HV618",3.4,1,15,"5",1,1
"HV618",10.0,1,8,"3",2,1
"HV618",7.2,1,8,"3",3,0
"HV619",1.0,0,0,"2",1,0
"HV62",3.2,1,5,"3",1,0
"HV620",10.0,1,5,"3",1,1
"HV620",10.0,1,0,"4",2,1
"HV620",1.0,1,15,"3",3,0
"HV621",3.2,0,8,"2",1,0
"HV622",3.2,0,5,"1",1,0
"HV623",10.0,0,8,"1",1,0
"HV624",3.2,0,8,"2",1,0
"HV625",10.0,1,15,"5",1,1
"HV625",10.0,1,15,"3",2,1
"HV625",1.0,1,15,"5",3,0
"HV626",7.2,1,15,"5",1,1
"HV626",3.4,1,8,"4",2,1
"HV626",10.0,1,15,"4",3,0
"HV627",7.2,1,15,"5",1,0
"HV627",10.0,1,15,"4",1,1
"HV627",3.4,1,15,"4",2,0
"HV628",1.0,1,8,"4",1,1
"HV628",10.0,1,8,"4",2,0
"HV629",10.0,1,15,"4",1,1
"HV629",1.0,1,15,"4",2,1
"HV629",10.0,1,15,"5",3,0
"HV63",3.2,1,8,"1",1,0
"HV630",10.0,0,5,"3",1,0
"HV631",10.0,1,8,"4",1,1
"HV631",10.0,1,8,"4",2,1
"HV631",1.0,1,15,"4",3,0
"HV632",10.0,0,0,"1",1,0
"HV633",7.2,0,0,"1",1,0
"HV634",3.2,1,15,"1",1,1
"HV634",1.0,0,0,"4",2,0
"HV635",1.0,1,15,"4",1,1
"HV635",10.0,1,15,"5",2,1
"HV635",7.2,0,15,"4",3,0
"HV636",3.4,1,15,"3",1,1
"HV636",10.0,1,8,"4",2,1
"HV636",1.0,1,0,"4",3,0
"HV637",3.2,0,15,"2",1,0
"HV638",3.2,1,15,"5",1,1
"HV638",1.0,1,8,"4",2,0
"HV639",1.0,1,15,"4",1,1
"HV639",10.0,1,5,"4",2,1
"HV639",1.0,0,0,"4",3,0
"HV64",3.2,0,5,"1",1,0
"HV640",7.2,1,15,"4",1,1
"HV640",10.0,1,15,"2",2,1
"HV640",10.0,1,15,"4",3,0
"HV641",3.4,1,15,"3",1,1
"HV641",10.0,1,8,"5",2,0
"HV642",1.0,1,5,"4",1,1
"HV642",10.0,1,15,"4",2,0
"HV643",10.0,0,0,"3",1,0
"HV644",3.2,0,5,"1",1,0
"HV645",10.0,1,15,"4",1,1
"HV645",1.0,1,8,"5",2,0
"HV646",1.0,1,8,"5",1,1
"HV646",3.2,1,8,"5",2,0
"HV647",1.0,1,15,"3",1,1
"HV647",10.0,1,8,"3",2,0
"HV648",10.0,0,8,"3",1,0
"HV649",10.0,0,0,"2",1,0
"HV65",1.0,0,15,"5",1,1
"HV65",3.2,0,5,"4",2,0
"HV650",3.2,1,5,"1",1,0
"HV651",10.0,1,15,"5",1,1
"HV651",1.0,0,15,"",2,0
"HV652",3.2,1,8,"2",1,0
"HV653",10.0,0,0,"1",1,0
"HV654",7.2,1,15,"3",1,1
"HV654",1.0,1,15,"4",2,0
"HV655",10.0,0,5,"2",1,0
"HV656",7.2,1,15,"5",1,1
"HV656",10.0,0,15,"4",2,0
"HV657",10.0,1,15,"4",1,1
"HV657",1.0,1,0,"5",2,1
"HV657",7.2,1,15,"5",3,0
"HV658",10.0,1,8,"4",1,1
"HV658",3.4,1,15,"3",2,1
"HV658",1.0,1,8,"4",3,0
"HV659",10.0,1,15,"3",1,1
"HV659",1.0,1,15,"4",2,0
"HV66",10.0,1,5,"4",1,1
"HV66",10.0,1,15,"5",2,1
"HV66",10.0,1,15,"5",3,0
"HV660",1.0,0,8,"1",1,0
"HV661",3.2,1,8,"5",1,1
"HV661",1.0,1,0,"4",2,1
"HV661",10.0,1,15,"4",3,0
"HV662",7.2,0,15,"3",1,1
"HV662",3.4,1,0,"5",2,1
"HV662",10.0,1,15,"5",3,0
"HV663",10.0,0,5,"3",1,0
"HV664",1.0,1,8,"5",1,1
"HV664",3.2,1,15,"4",2,0
"HV665",10.0,0,5,"3",1,1
"HV665",3.4,1,15,"4",2,0
"HV666",1.0,0,15,"3",1,1
"HV666",3.2,1,15,"3",2,0
"HV667",10.0,1,15,"4",1,1
"HV667",7.2,1,0,"5",2,0
"HV668",10.0,0,8,"1",1,0
"HV669",3.2,0,8,"1",1,0
"HV67",3.2,0,5,"2",1,0
"HV670",10.0,1,15,"5",1,1
"HV670",3.4,1,5,"5",2,0
"HV671",10.0,0,15,"2",1,1
"HV671",3.4,1,5,"5",2,1
"HV671",1.0,1,15,"5",3,0
"HV672",3.2,0,5,"1",1,0
"HV673",7.2,0,8,"1",1,0
"HV674",7.2,1,5,"5",1,1
"HV674",1.0,1,5,"3",2,1
"HV674",10.0,1,15,"5",3,0
"HV675",10.0,1,8,"3",1,1
"HV675",7.2,1,15,"4",2,1
"HV675",1.0,1,15,"4",3,0
"HV676",3.2,0,15,"2",1,0
"HV677",3.2,1,15,"5",1,1
"HV677",1.0,1,5,"4",2,0
"HV678",10.0,1,15,"5",1,1
"HV678",1.0,1,5,"4",2,1
"HV678",10.0,1,15,"4",3,0
"HV679",10.0,1,15,"4",1,1
"HV679",3.4,0,15,"5",2,0
"HV68",3.2,0,8,"3",1,0
"HV680",1.0,1,0,"2",1,0
"HV681",1.0,0,0,"4",1,1
"HV681",10.0,1,15,"5",2,1
"HV681",7.2,1,15,"3",3,0
"HV682",1.0,0,5,"5",1,1
"HV682",3.2,1,15,"5",2,0
"HV683",3.2,0,0,"2",1,0
"HV684",3.2,0,5,"3",1,0
"HV685",3.2,1,15,"2",1,1
"HV685",1.0,1,15,"5",2,0
"HV686",10.0,0,8,"2",1,1
"HV686",1.0,1,15,"4",2,1
"HV686",10.0,0,15,"5",3,0
"HV687",3.4,0,0,"3",1,0
"HV688",7.2,1,15,"3",1,1
"HV688",10.0,1,8,"4",2,0
"HV689",3.2,1,15,"5",1,1
"HV689",10.0,1,15,"5",2,0
"HV69",1.0,0,0,"2",1,0
"HV690",3.2,0,0,"3",1,0
"HV691",10.0,1,8,"5",1,1
"HV691",3.4,1,5,"4",2,0
"HV692",10.0,1,15,"5",1,1
"HV692",7.2,1,15,"4",2,1
"HV692",10.0,1,15,"5",3,0
"HV693",10.0,0,0,"2",1,0
"HV694",1.0,1,5,"4",1,0
"HV695",3.2,0,8,"4",1,0
"HV696",3.2,0,8,"4",1,0
"HV697",3.4,0,5,"2",1,0
"HV698",1.0,1,15,"4",1,1
"HV698",7.2,1,15,"5",2,1
"HV698",1.0,1,15,"5",3,0
"HV699",1.0,1,0,"3",1,0
"HV7",10.0,1,0,"5",1,1
"HV7",1.0,1,15,"3",2,1
"HV7",10.0,1,8,"3",3,0
"HV70",1.0,1,5,"5",1,1
"HV70",10.0,1,15,"4",2,1
"HV70",7.2,1,15,"3",3,0
"HV700",10.0,1,8,"5",1,1
"HV700",10.0,1,15,"4",2,1
"HV700",1.0,1,15,"3",3,0
"HV701",1.0,1,15,"5",1,1
"HV701",3.4,0,5,"4",2,1
"HV701",10.0,1,15,"5",3,0
"HV702",10.0,1,15,"4",1,1
"HV702",3.4,1,0,"3",2,1
"HV702",10.0,1,15,"3",3,0
"HV703",1.0,0,8,"3",1,0
"HV704",3.4,0,0,"1",1,0
"HV705",7.2,1,15,"5",1,1
"HV705",10.0,1,15,"5",2,1
"HV705",10.0,1,15,"5",3,0
"HV706",3.4,1,15,"3",1,1
"HV706",10.0,1,15,"4",2,1
"HV706",10.0,1,15,"4",3,0
"HV707",3.2,1,15,"5",1,1
"HV707",1.0,1,8,"4",2,0
"HV708",10.0,1,5,"3",1,1
"HV708",10.0,1,15,"4",2,1
"HV708",1.0,1,5,"4",3,0
"HV709",10.0,1,5,"2",1,1
"HV709",1.0,1,15,"4",2,0
"HV71",10.0,0,0,"4",1,0
"HV710",3.2,1,15,"2",1,0
"HV711",3.2,0,5,"1",1,0
"HV712",1.0,0,0,"3",1,0
"HV713",1.0,1,8,"4",1,1
"HV713",1.0,1,15,"5",2,1
"HV713",7.2,1,15,"5",3,0
"HV714",3.2,1,15,"4",1,1
"HV714",7.2,1,15,"4",2,0
"HV715",10.0,1,0,"1",1,0
"HV716",3.2,1,0,"3",1,0
"HV717",3.4,0,0,"3",1,0
"HV718",3.2,1,15,"3",1,1
"HV718",1.0,1,15,"4",2,0
"HV719",1.0,1,0,"1",1,0
"HV72",10.0,0,0,"2",1,0
"HV720",10.0,0,5,"1",1,0
"HV721",3.4,1,15,"",1,1
"HV721",10.0,1,0,"4",2,0
"HV722",7.2,0,5,"1",1,0
"HV723",3.2,1,0,"2",1,0
"HV724",1.0,0,8,"3",1,1
"HV724",7.2,0,15,"5",2,1
"HV724",10.0,1,15,"5",3,0
"HV725",10.0,0,0,"2",1,0
"HV726",1.0,1,8,"3",1,1
"HV726",10.0,1,15,"3",2,1
"HV726",1.0,1,8,"4",3,0
"HV727",10.0,1,8,"2",1,1
"HV727",1.0,1,8,"5",2,0
"HV728",1.0,1,15,"4",1,1
"HV728",10.0,1,15,"5",2,1
"HV728",3.4,0,15,"3",3,0
"HV729",10.0,0,5,"4",1,0
"HV73",10.0,1,15,"5",1,1
"HV73",3.4,1,15,"4",2,1
"HV73",7.2,1,15,"3",3,0
"HV730",7.2,1,0,"1",1,0
"HV731",1.0,1,15,"4",1,1
"HV731",3.2,0,8,"2",2,0
"HV732",1.0,0,5,"2",1,0
"HV733",3.2,0,5,"1",1,0
"HV734",1.0,1,5,"3",1,0
"HV735",1.0,1,8,"2",1,0
"HV736",10.0,1,8,"5",1,1
"HV736",1.0,0,8,"5",2,1
"HV736",10.0,1,5,"4",3,0
"HV737",10.0,0,15,"4",1,1
"HV737",10.0,1,15,"3",2,1
"HV737",1.0,0,0,"5",3,0
"HV738",7.2,0,0,"2",1,0
"HV739",10.0,0,5,"3",1,0
"HV74",1.0,0,0,"3",1,0
"HV740",7.2,1,8,"5",1,1
"HV740",10.0,1,15,"3",2,1
"HV740",10.0,1,0,"2",3,0
"HV741",1.0,0,5,"3",1,0
"HV742",3.2,1,8,"1",1,0
"HV743",1.0,0,0,"3",1,0
"HV744",7.2,0,0,"1",1,0
"HV745",7.2,0,15,"4",1,1
"HV745",1.0,1,0,"5",2,1
"HV745",1.0,1,8,"2",3,0
"HV746",1.0,0,5,"2",1,0
"HV747",10.0,0,15,"4",1,1
"HV747",3.4,1,15,"5",2,1
"HV747",10.0,0,8,"5",3,0
"HV748",3.2,0,0,"3",1,0
"HV749",7.2,0,8,"2",1,0
"HV75",7.2,1,15,"5",1,1
"HV75",10.0,0,8,"4",2,1
"HV75",10.0,1,15,"4",3,0
"HV750",3.2,0,5,"1",1,0
"HV751",3.4,1,15,"4",1,1
"HV751",10.0,1,15,"3",2,1
"HV751",10.0,1,5,"5",3,0
"HV752",3.2,1,15,"3",1,1
"HV752",1.0,1,8,"4",2,0
"HV753",1.0,1,8,"3",1,1
"HV753",10.0,1,8,"5",1,0
"HV753",7.2,1,15,"3",2,0
"HV754",10.0,1,15,"3",1,1
"HV754",7.2,1,15,"5",2,0
"HV755",3.2,0,5,"1",1,0
"HV756",3.2,1,8,"3",1,1
"HV756",3.2,1,15,"3",2,0
"HV757",1.0,1,5,"3",1,1
"HV757",7.2,1,15,"5",2,1
"HV757",10.0,1,15,"4",3,0
"HV758",3.2,1,15,"3",1,1
"HV758",1.0,1,15,"3",2,0
"HV759",1.0,1,8,"5",1,1
"HV759",7.2,1,5,"5",2,1
"HV759",10.0,1,15,"4",3,0
"HV76",10.0,1,0,"4",1,1
"HV76",1.0,1,5,"5",2,1
"HV76",10.0,0,15,"4",3,0
"HV760",1.0,0,5,"2",1,0
"HV761",3.4,1,15,"2",1,1
"HV761",1.0,1,15,"4",2,0
"HV762",1.0,0,0,"3",1,0
"HV763",7.2,1,15,"",1,1
"HV763",10.0,0,15,"4",2,0
"HV764",3.2,0,0,"1",1,0
"HV765",3.2,1,5,"1",1,0
"HV766",1.0,1,15,"3",1,1
"HV766",3.2,1,15,"5",2,0
"HV767",10.0,1,15,"4",1,1
"HV767",1.0,1,8,"5",2,1
"HV767",1.0,1,5,"4",3,0
"HV768",3.4,1,15,"3",1,1
"HV768",10.0,1,15,"4",2,1
"HV768",7.2,1,15,"4",3,0
"HV769",1.0,1,15,"3",1,1
"HV769",10.0,1,15,"4",2,1
"HV769",10.0,1,15,"4",3,0
"HV77",3.4,1,15,"2",1,1
"HV77",10.0,1,15,"4",2,0
"HV770",3.2,0,5,"3",1,0
"HV771",3.2,0,0,"1",1,0
"HV772",10.0,0,15,"5",1,1
"HV772",10.0,1,15,"4",2,0
"HV773",1.0,1,8,"2",1,0
"HV774",3.2,0,0,"1",1,0
"HV775",3.2,0,5,"3",1,0
"HV776",10.0,1,15,"4",1,1
"HV776",10.0,0,8,"5",2,0
"HV777",10.0,1,0,"1",1,0
"HV778",3.2,0,8,"2",1,0
"HV779",3.2,0,5,"2",1,0
"HV78",1.0,1,15,"5",1,1
"HV78",3.2,0,0,"5",2,0
"HV780",10.0,1,15,"5",1,1
"HV780",10.0,1,15,"3",2,1
"HV780",3.4,1,15,"5",3,0
"HV781",7.2,1,0,"4",1,1
"HV781",10.0,1,0,"5",2,1
"HV781",3.4,1,15,"4",3,0
"HV782",3.2,0,15,"1",1,0
"HV783",1.0,1,15,"3",1,1
"HV783",3.2,1,0,"4",2,0
"HV784",3.2,0,5,"4",1,0
"HV785",1.0,1,0,"2",1,0
"HV786",3.2,1,15,"5",1,1
"HV786",3.2,1,15,"",2,0
"HV787",10.0,1,15,"4",1,1
"HV787",1.0,1,0,"4",2,1
"HV787",10.0,1,15,"3",3,0
"HV788",3.2,0,0,"2",1,0
"HV789",1.0,1,15,"4",1,1
"HV789",10.0,1,15,"4",2,0
"HV79",10.0,1,15,"3",1,1
"HV79",1.0,1,15,"4",2,0
"HV790",10.0,1,0,"2",1,0
"HV791",3.4,0,0,"1",1,0
"HV792",3.4,1,15,"4",1,1
"HV792",10.0,0,0,"4",2,0
"HV793",10.0,1,15,"4",1,1
"HV793",1.0,1,8,"3",2,0
"HV794",3.2,0,0,"4",1,0
"HV795",3.2,1,5,"2",1,0
"HV796",1.0,1,15,"2",1,1
"HV796",10.0,1,5,"4",2,0
"HV797",7.2,1,15,"5",1,1
"HV797",1.0,1,15,"5",2,1
"HV797",1.0,1,15,"3",3,0
"HV798",10.0,1,8,"5",1,1
"HV798",1.0,1,15,"4",2,0
"HV799",3.2,1,15,"3",1,1
"HV799",1.0,1,15,"3",2,0
"HV8",1.0,0,0,"1",1,0
"HV80",10.0,1,8,"3",1,1
"HV80",10.0,1,8,"5",2,0
"HV800",10.0,0,15,"4",1,1
"HV800",10.0,1,15,"4",2,1
"HV800",1.0,1,15,"3",3,0
"HV801",3.4,1,0,"4",1,1
"HV801",10.0,1,5,"3",2,1
"HV801",1.0,1,15,"3",3,0
"HV802",3.2,0,0,"1",1,0
"HV803",3.2,0,15,"4",1,1
"HV803",1.0,1,8,"3",2,0
"HV804",3.2,0,0,"1",1,0
"HV805",7.2,1,0,"3",1,0
"HV806",10.0,1,0,"4",1,1
"HV806",1.0,1,15,"4",2,1
"HV806",10.0,1,15,"4",3,0
"HV807",7.2,0,15,"4",1,1
"HV807",1.0,1,15,"5",2,0
"HV808",1.0,1,0,"3",1,1
"HV808",10.0,1,15,"5",2,1
"HV808",7.2,1,15,"5",3,0
"HV809",3.2,1,8,"1",1,0
"HV81",10.0,1,0,"2",1,0
"HV810",10.0,0,15,"3",1,1
"HV810",10.0,1,8,"3",2,0
"HV811",3.4,0,0,"2",1,0
"HV812",10.0,1,0,"1",1,0
"HV813",10.0,1,8,"4",1,1
"HV813",1.0,1,0,"4",2,1
"HV813",1.0,1,15,"4",3,0
"HV814",10.0,0,0,"3",1,0
"HV815",1.0,0,0,"1",1,0
"HV816",10.0,0,15,"4",1,1
"HV816",1.0,1,15,"5",2,1
"HV816",10.0,1,5,"3",3,0
"HV817",3.2,0,5,"3",1,0
"HV818",7.2,0,0,"5",1,1
"HV818",10.0,1,15,"5",2,0
"HV819",1.0,1,0,"5",1,1
"HV819",3.2,0,8,"3",2,0
"HV82",10.0,1,15,"4",1,1
"HV82",3.4,1,8,"3",2,1
"HV82",10.0,1,15,"4",3,0
"HV820",1.0,0,8,"2",1,0
"HV821",1.0,1,8,"3",1,1
"HV821",1.0,1,15,"5",2,0
"HV822",3.2,0,15,"5",1,1
"HV822",1.0,1,8,"5",2,0
"HV823",1.0,1,15,"4",1,1
"HV823",1.0,1,0,"4",2,1
"HV823",10.0,1,15,"5",3,0
"HV824",7.2,1,8,"4",1,1
"HV824",1.0,1,0,"4",2,1
"HV824",3.4,1,15,"3",3,0
"HV825",1.0,1,15,"3",1,1
"HV825",3.2,1,8,"3",2,0
"HV826",1.0,0,0,"2",1,0
"HV827",1.0,0,8,"3",1,0
"HV828",10.0,0,0,"2",1,0
"HV829",1.0,1,5,"4",1,1
"HV829",10.0,1,15,"4",2,1
"HV829",3.4,1,15,"3",3,0
"HV83",3.4,1,15,"3",1,1
"HV83",1.0,1,15,"4",2,1
"HV83",7.2,1,15,"5",3,0
"HV830",1.0,1,5,"5",1,1
"HV830",3.4,1,15,"5",2,0
"HV831",10.0,1,8,"5",1,1
"HV831",10.0,1,15,"4",2,1
"HV831",3.4,1,8,"5",3,0
"HV832",10.0,1,0,"4",1,1
"HV832",7.2,1,15,"3",2,0
"HV833",1.0,1,0,"5",1,1
"HV833",10.0,1,5,"5",2,1
"HV833",7.2,1,5,"5",3,0
"HV834",3.2,1,15,"4",1,1
"HV834",1.0,0,15,"5",2,0
"HV835",1.0,0,0,"3",1,0
"HV836",10.0,1,15,"5",1,1
"HV836",7.2,1,15,"3",2,0
"HV837",3.4,1,8,"5",1,1
"HV837",10.0,1,15,"4",2,0
"HV838",10.0,1,0,"5",1,1
"HV838",10.0,1,15,"4",2,0
"HV839",3.2,1,5,"1",1,0
"HV84",3.2,0,5,"1",1,0
"HV840",10.0,0,5,"2",1,0
"HV841",1.0,1,0,"3",1,1
"HV841",10.0,1,15,"5",2,1
"HV841",10.0,1,5,"5",3,0
"HV842",1.0,1,15,"4",1,1
"HV842",1.0,1,15,"3",2,0
"HV843",10.0,1,0,"3",1,0
"HV844",1.0,0,0,"2",1,0
"HV845",1.0,0,5,"2",1,0
"HV846",3.2,0,8,"1",1,0
"HV847",3.2,0,8,"3",1,0
"HV848",10.0,0,0,"2",1,0
"HV849",10.0,1,15,"1",1,1
"HV849",10.0,1,0,"5",2,0
"HV85",3.4,0,8,"3",1,0
"HV850",3.2,0,5,"3",1,0
"HV851",1.0,1,15,"3",1,1
"HV851",10.0,1,15,"4",2,1
"HV851",10.0,1,5,"5",3,0
"HV852",3.2,0,0,"2",1,0
"HV853",7.2,0,0,"2",1,0
"HV854",1.0,0,0,"3",1,0
"HV855",10.0,0,5,"3",1,1
"HV855",3.4,1,15,"5",2,0
"HV856",1.0,1,5,"5",1,1
"HV856",10.0,1,15,"3",2,1
"HV856",1.0,1,15,"3",3,0
"HV857",1.0,1,15,"5",1,1
"HV857",10.0,1,15,"3",2,0
"HV858",1.0,1,5,"4",1,1
"HV858",3.4,0,15,"5",2,0
"HV859",1.0,1,0,"1",1,0
"HV86",3.2,0,5,"2",1,0
"HV860",3.2,0,15,"1",1,0
"HV861",1.0,1,15,"5",1,1
"HV861",10.0,1,0,"5",2,1
"HV861",10.0,1,8,"5",3,0
"HV862",3.4,0,5,"3",1,0
"HV863",3.2,0,5,"1",1,0
"HV864",7.2,1,15,"4",1,1
"HV864",10.0,1,15,"3",2,1
"HV864",1.0,1,15,"4",3,0
"HV865",1.0,1,15,"4",1,1
"HV865",1.0,1,8,"3",2,0
"HV866",3.2,0,15,"4",1,0
"HV867",10.0,1,15,"5",1,1
"HV867",10.0,1,15,"4",2,1
"HV867",1.0,0,8,"5",3,0
"HV868",1.0,1,15,"4",1,1
"HV868",7.2,1,15,"5",2,1
"HV868",10.0,1,8,"3",3,0
"HV869",10.0,1,15,"4",1,1
"HV869",1.0,1,15,"4",2,1
"HV869",3.4,1,15,"5",3,0
"HV87",1.0,0,0,"3",1,0
"HV870",10.0,0,8,"3",1,0
"HV871",1.0,1,15,"5",1,1
"HV871",10.0,1,8,"4",2,1
"HV871",10.0,1,5,"5",3,0
"HV872",3.2,1,15,"4",1,1
"HV872",1.0,1,15,"3",2,0
"HV873",7.2,0,0,"1",1,0
"HV874",3.4,0,0,"2",1,0
"HV875",3.2,0,15,"3",1,0
"HV876",1.0,0,5,"2",1,0
"HV877",3.2,0,5,"1",1,0
"HV878",1.0,0,0,"2",1,0
"HV879",3.2,1,15,"5",1,1
"HV879",7.2,1,5,"5",2,0
"HV88",3.2,1,8,"3",1,0
"HV880",10.0,1,15,"4",1,1
"HV880",1.0,0,15,"5",2,1
"HV880",3.4,1,8,"4",3,0
"HV881",3.2,0,5,"1",1,0
"HV882",10.0,1,8,"5",1,0
"HV882",10.0,0,15,"4",1,0
"HV883",10.0,1,15,"3",1,1
"HV883",3.4,1,8,"3",2,0
"HV884",1.0,1,15,"5",1,1
"HV884",10.0,1,15,"5",2,1
"HV884",3.4,1,15,"3",3,0
"HV885",10.0,1,15,"3",1,1
"HV885",1.0,1,5,"4",2,1
"HV885",10.0,1,15,"5",3,0
"HV886",10.0,1,5,"5",1,1
"HV886",3.4,1,15,"4",2,1
"HV886",7.2,1,15,"4",3,0
"HV887",1.0,0,0,"3",1,0
"HV888",1.0,1,0,"2",1,0
"HV889",10.0,1,0,"2",1,0
"HV89",3.2,1,15,"4",1,1
"HV89",1.0,1,8,"4",2,0
"HV890",1.0,0,0,"4",1,0
"HV891",3.2,0,5,"1",1,0
"HV892",10.0,1,8,"3",1,1
"HV892",1.0,1,15,"4",2,0
"HV893",3.2,1,15,"4",1,1
"HV893",1.0,1,15,"3",2,0
"HV894",10.0,1,5,"1",1,0
"HV895",1.0,1,15,"4",1,1
"HV895",1.0,0,5,"5",2,1
"HV895",7.2,1,15,"4",3,0
"HV896",1.0,1,15,"3",1,1
"HV896",1.0,1,15,"4",2,1
"HV896",7.2,0,15,"3",3,0
"HV897",3.2,1,8,"3",1,1
"HV897",1.0,1,5,"4",2,0
"HV898",1.0,0,15,"5",1,1
"HV898",10.0,1,15,"4",2,0
"HV899",3.2,0,15,"4",1,1
"HV899",1.0,0,0,"5",2,0
"HV9",7.2,0,8,"3",1,1
"HV9",1.0,1,5,"2",2,0
"HV90",10.0,1,8,"3",1,0
"HV900",1.0,0,5,"3",1,0
"HV901",10.0,1,15,"5",1,1
"HV901",7.2,1,8,"3",2,0
"HV902",3.2,0,5,"2",1,0
"HV903",1.0,1,15,"4",1,1
"HV903",7.2,0,15,"4",2,0
"HV904",10.0,1,8,"5",1,1
"HV904",10.0,1,15,"4",2,0
"HV905",10.0,0,8,"3",1,0
"HV906",3.2,0,8,"2",1,0
"HV907",10.0,1,15,"5",1,1
"HV907",10.0,1,15,"5",2,0
"HV908",3.2,1,0,"4",1,1
"HV908",1.0,1,15,"4",2,0
"HV909",1.0,1,15,"3",1,1
"HV909",7.2,1,15,"4",2,1
"HV909",10.0,1,5,"3",3,0
"HV91",10.0,1,15,"5",1,1
"HV91",1.0,1,0,"4",2,1
"HV91",7.2,1,15,"5",3,0
"HV910",10.0,1,5,"3",1,1
"HV910",1.0,1,8,"3",2,1
"HV910",10.0,1,15,"4",3,0
"HV911",1.0,1,15,"5",1,1
"HV911",3.2,1,15,"4",2,0
"HV912",3.2,1,8,"4",1,1
"HV912",7.2,1,8,"5",2,0
"HV913",1.0,0,15,"3",1,1
"HV913",10.0,1,0,"4",2,0
"HV914",10.0,1,8,"5",1,1
"HV914",7.2,0,15,"3",2,1
"HV914",10.0,1,0,"3",3,0
"HV915",1.0,1,15,"4",1,1
"HV915",10.0,1,15,"5",2,0
"HV916",3.2,0,5,"4",1,1
"HV916",10.0,1,8,"5",2,0
"HV917",10.0,1,15,"4",1,1
"HV917",1.0,1,15,"3",2,1
"HV917",1.0,1,15,"5",3,0
"HV918",1.0,0,8,"4",1,1
"HV918",3.2,1,0,"4",2,0
"HV919",3.4,0,15,"5",1,1
"HV919",1.0,1,15,"3",2,0
"HV92",3.2,0,15,"3",1,1
"HV92",10.0,1,15,"4",2,0
"HV920",1.0,1,5,"3",1,1
"HV920",10.0,1,15,"5",2,1
"HV920",10.0,1,5,"3",3,0
"HV921",10.0,1,15,"4",1,1
"HV921",3.4,1,15,"3",2,0
"HV922",10.0,1,15,"5",1,1
"HV922",3.4,1,15,"5",2,1
"HV922",10.0,1,8,"4",3,0
"HV923",1.0,0,5,"1",1,0
"HV924",3.4,1,5,"3",1,1
"HV924",10.0,0,8,"5",2,0
"HV925",7.2,1,15,"2",1,1
"HV925",1.0,1,15,"4",2,0
"HV926",10.0,0,5,"3",1,1
"HV926",1.0,1,15,"5",2,1
"HV926",10.0,0,8,"3",3,0
"HV927",3.2,1,8,"4",1,1
"HV927",1.0,1,0,"4",2,0
"HV928",10.0,1,8,"1",1,0
"HV929",1.0,1,0,"2",1,0
"HV93",3.2,0,0,"2",1,0
"HV930",7.2,1,15,"5",1,1
"HV930",1.0,1,15,"5",2,1
"HV930",10.0,1,15,"5",3,0
"HV931",10.0,0,8,"1",1,0
"HV932",3.4,1,8,"4",1,1
"HV932",1.0,1,8,"3",2,0
"HV933",10.0,0,0,"1",1,0
"HV934",3.4,1,15,"3",1,1
"HV934",1.0,1,15,"3",2,1
"HV934",1.0,1,5,"5",3,0
"HV935",1.0,1,8,"2",1,0
"HV936",1.0,1,15,"5",1,1
"HV936",10.0,1,15,"5",2,0
"HV937",1.0,1,15,"4",1,1
"HV937",7.2,1,5,"5",2,0
"HV938",10.0,1,15,"4",1,1
"HV938",10.0,1,15,"2",2,1
"HV938",3.4,1,5,"5",3,0
"HV939",3.2,0,15,"2",1,0
"HV94",10.0,1,0,"2",1,0
"HV940",10.0,0,0,"2",1,0
"HV941",1.0,0,5,"3",1,0
"HV942",3.2,0,15,"3",1,1
"HV942",1.0,0,15,"5",2,0
"HV943",3.2,1,15,"4",1,1
"HV943",1.0,1,15,"5",2,0
"HV944",3.2,0,5,"2",1,0
"HV945",3.4,1,0,"4",1,1
"HV945",1.0,1,15,"3",2,0
"HV946",3.2,0,15,"2",1,0
"HV947",10.0,0,15,"5",1,1
"HV947",1.0,0,15,"4",2,1
"HV947",1.0,1,15,"3",3,0
"HV948",3.2,0,15,"3",1,0
"HV949",1.0,1,15,"3",1,1
"HV949",1.0,1,15,"5",2,1
"HV949",10.0,0,5,"5",3,0
"HV95",7.2,0,5,"5",1,1
"HV95",10.0,1,5,"5",2,0
"HV950",10.0,1,8,"4",1,1
"HV950",10.0,1,15,"4",2,0
"HV951",3.4,1,15,"4",1,1
"HV951",10.0,1,8,"5",2,1
"HV951",1.0,1,15,"5",3,0
"HV952",7.2,1,15,"3",1,1
"HV952",10.0,1,15,"5",2,1
"HV952",10.0,1,15,"3",3,0
"HV953",1.0,1,5,"3",1,0
"HV954",10.0,1,5,"4",1,1
"HV954",1.0,1,15,"4",2,0
"HV955",10.0,0,15,"4",1,1
"HV955",10.0,0,15,"5",2,0
"HV956",1.0,0,0,"1",1,0
"HV957",10.0,0,8,"5",1,1
"HV957",10.0,1,15,"5",2,1
"HV957",3.4,1,5,"4",3,0
"HV958",3.2,0,5,"2",1,0
"HV959",10.0,1,15,"3",1,1
"HV959",10.0,1,8,"3",2,0
"HV96",3.4,1,15,"3",1,1
"HV96",10.0,1,5,"3",2,1
"HV96",10.0,1,15,"5",3,0
"HV960",3.2,1,8,"3",1,0
"HV961",7.2,0,15,"4",1,1
"HV961",3.4,1,0,"5",2,1
"HV961",1.0,1,15,"4",3,0
"HV962",10.0,1,0,"1",1,0
"HV963",10.0,1,15,"4",1,1
"HV963",10.0,1,0,"5",2,1
"HV963",10.0,1,5,"4",3,0
"HV964",1.0,0,8,"1",1,0
"HV965",1.0,0,5,"3",1,0
"HV966",10.0,1,15,"4",1,1
"HV966",10.0,1,15,"5",2,1
"HV966",3.4,1,15,"3",3,0
"HV967",10.0,1,15,"5",1,1
"HV967",1.0,1,15,"4",2,1
"HV967",10.0,1,15,"5",3,0
"HV968",1.0,1,15,"4",1,1
"HV968",3.2,0,8,"2",2,0
"HV969",10.0,1,15,"3",1,1
"HV969",7.2,0,15,"5",2,0
"HV97",10.0,1,8,"5",1,1
"HV97",1.0,1,8,"5",2,1
"HV97",3.4,1,0,"5",3,0
"HV970",10.0,0,0,"2",1,0
"HV971",3.4,1,8,"5",1,1
"HV971",10.0,1,15,"4",2,1
"HV971",10.0,1,15,"3",3,0
"HV972",3.4,1,0,"3",1,0
"HV973",10.0,1,0,"3",1,1
"HV973",1.0,1,15,"3",2,0
"HV974",7.2,1,15,"5",1,1
"HV974",1.0,1,0,"5",2,1
"HV974",1.0,1,15,"3",3,0
"HV975",1.0,1,8,"4",1,1
"HV975",3.4,1,15,"4",2,0
"HV976",1.0,0,8,"2",1,0
"HV977",1.0,1,15,"4",1,1
"HV977",10.0,1,15,"5",2,1
"HV977",10.0,1,15,"3",3,0
"HV978",1.0,0,5,"3",1,0
"HV979",3.2,0,5,"4",1,0
"HV98",10.0,1,15,"3",1,1
"HV98",10.0,1,15,"5",2,1
"HV98",3.4,1,15,"4",3,0
"HV980",1.0,0,15,"3",1,1
"HV980",1.0,1,15,"5",2,0
"HV981",10.0,1,15,"4",1,1
"HV981",10.0,0,15,"4",2,1
"HV981",3.4,1,15,"3",3,0
"HV982",3.2,0,5,"1",1,0
"HV983",3.2,1,5,"2",1,0
"HV984",3.2,0,0,"2",1,0
"HV985",1.0,0,8,"4",1,1
"HV985",3.2,1,15,"5",2,0
"HV986",3.2,1,0,"1",1,0
"HV987",1.0,0,0,"1",1,0
"HV988",3.2,1,0,"1",1,0
"HV989",10.0,1,5,"5",1,1
"HV989",3.4,1,15,"5",2,1
"HV989",7.2,1,8,"4",3,0
"HV99",3.2,0,0,"1",1,0
"HV990",1.0,1,8,"5",1,1
"HV990",10.0,1,15,"4",2,0
"HV991",1.0,0,0,"4",1,1
"HV991",3.2,1,8,"5",2,0
"HV992",1.0,0,5,"3",1,0
"HV993",1.0,1,0,"4",1,1
"HV993",3.4,1,15,"3",2,0
"HV994",3.2,1,15,"4",1,1
"HV994",1.0,1,15,"5",2,0
"HV995",3.2,1,5,"1",1,0
"HV996",10.0,1,5,"2",1,1
"HV996",10.0,1,15,"2",2,0
"HV997",3.4,1,15,"4",1,1
"HV997",10.0,0,15,"4",2,1
"HV997",1.0,1,0,"3",3,0
"HV998",1.0,1,8,"2",1,0
"HV999",10.0,1,15,"5",1,1
"HV999",3.4,0,15,"4",2,1
"HV999",1.0,0,15,"5",3,0
